key,0,1,2,3,4,5,6,7,8,9,10,11,12,13,14,15,16,17,18,19,20,21,22,23,24,25,26,27,28,29,30,31,32,33,34,35,36,37,38,39,40,41,42,43,44,45,46,47,48,49,50,51,52,53,54,55,56,57,58,59,60,61,62,63,64,65
#,Item[0][0],ItemCount[0][0],Item[1][0],ItemCount[1][0],Item[2][0],ItemCount[2][0],Item[0][1],ItemCount[0][1],Item[1][1],ItemCount[1][1],Item[2][1],ItemCount[2][1],Item[0][2],ItemCount[0][2],Item[1][2],ItemCount[1][2],Item[2][2],ItemCount[2][2],Item[0][3],ItemCount[0][3],Item[1][3],ItemCount[1][3],Item[2][3],ItemCount[2][3],Item[0][4],ItemCount[0][4],Item[1][4],ItemCount[1][4],Item[2][4],ItemCount[2][4],Item[0][5],ItemCount[0][5],Item[1][5],ItemCount[1][5],Item[2][5],ItemCount[2][5],Item[0][6],ItemCount[0][6],Item[1][6],ItemCount[1][6],Item[2][6],ItemCount[2][6],Item[0][7],ItemCount[0][7],Item[1][7],ItemCount[1][7],Item[2][7],ItemCount[2][7],Item[0][8],ItemCount[0][8],Item[1][8],ItemCount[1][8],Item[2][8],ItemCount[2][8],Item[0][9],ItemCount[0][9],Item[1][9],ItemCount[1][9],Item[2][9],ItemCount[2][9],Item[0][10],ItemCount[0][10],Item[1][10],ItemCount[1][10],Item[2][10],ItemCount[2][10]
int32,Item,byte,Item,byte,Item,byte,Item,byte,Item,byte,Item,byte,Item,byte,Item,byte,Item,byte,Item,byte,Item,byte,Item,byte,Item,byte,Item,byte,Item,byte,Item,byte,Item,byte,Item,byte,Item,byte,Item,byte,Item,byte,Item,byte,Item,byte,Item,byte,Item,byte,Item,byte,Item,byte,Item,byte,Item,byte,Item,byte,Item,byte,Item,byte,Item,byte
0,"",1,"",1,"",1,"",1,"",1,"",1,"",1,"",1,"",1,"",1,"",1,"",1,"",1,"",1,"",1,"",1,"",1,"",1,"",1,"",1,"",1,"",1,"",1,"",1,"",1,"",1,"",1,"",1,"",1,"",1,"",1,"",1,"",1
1,"Maple Clogs",1,"",1,"",1,"Boiled Egg",3,"",1,"",1,"Maple Wand",1,"",1,"",1,"Bronze Alembic",1,"",1,"",1,"Leather Calot",1,"",1,"",1,"Bone Hora",1,"",1,"",1,"Hempen Underpants",1,"",1,"",1,"Bronze Hatchet",1,"",1,"",1,"Copper Ore",10,"",1,"",1,"Latex",10,"",1,"",1,"Crayfish",1,"",1,"",1
2,"Maple Shortbow",1,"",1,"",1,"",1,"",1,"",1,"",1,"",1,"",1,"",1,"",1,"",1,"Leather Duckbills",1,"Leather Wristguards",1,"",1,"",1,"",1,"",1,"Hempen Pantalettes",1,"Hempen Halfgloves",1,"",1,"Bronze Bastard Sword",1,"Amateur's File",1,"",1,"",1,"",1,"",1,"Allagan Snail",10,"",1,"",1,"Merlthor Goby",1,"",1,"",1
3,"Bone Harpoon",1,"",1,"",1,"",1,"",1,"",1,"",1,"",1,"",1,"",1,"",1,"",1,"Leather Duckbills of Gathering",1,"",1,"",1,"Bone Brand",1,"",1,"",1,"Hempen Undershirt",1,"Hempen Camise",1,"Hempen Breeches of Crafting",1,"Amateur's Pliers",1,"Bronze War Axe",1,"",1,"Muddy Water",10,"",1,"",1,"Maple Log",10,"",1,"",1,"Chub",1,"",1,"",1
4,"Maple Pattens",1,"",1,"",1,"Frumenty",3,"",1,"",1,"",1,"",1,"",1,"Bronze Skillet",1,"",1,"",1,"Fingerless Leather Gloves",1,"Leather Eyepatch",1,"Leather Shoes",1,"",1,"",1,"",1,"Hempen Kurta",1,"Hempen Shepherd's Slops",1,"Hempen Breeches",1,"Amateur's Awl",1,"Bronze Saw",1,"",1,"",1,"",1,"",1,"Cinnamon",10,"",1,"",1,"Striped Goby",1,"Dwarf Catfish",1,"",1
5,"Amateur's Spinning Wheel",1,"",1,"",1,"Flatbread",3,"Marmot Steak",3,"Grilled Trout",3,"Leather Grimoire",1,"Antidote",3,"",1,"Bronze Hoplon",1,"",1,"",1,"Leather Culottes",1,"Leather Choker",1,"Leather Crakows",1,"Bone Staff",1,"Copper Wristlets",1,"Copper Gorget",1,"Hempen Dalmatica of Gathering",1,"Hempen Tunic",1,"Hempen Bandana",1,"Amateur's Claw Hammer",1,"Bronze Cross-pein Hammer",1,"Bronze Doming Hammer",1,"Bone Chip",10,"",1,"",1,"Maple Branch",10,"Beehive Chip",10,"",1,"Bone Crayfish",1,"Princess Trout",1,"",1
6,"Maple Cane",1,"Bronze Spear",1,"",1,"Orange Juice",3,"",1,"",1,"Eye Drops",3,"",1,"",1,"Bronze Haubergeon",1,"",1,"",1,"Leather Lightmitts",1,"Leather Boots",1,"Leather Mitts",1,"Copper Earrings",1,"",1,"",1,"Hempen Tabard",1,"Hempen Shortgloves",1,"Hempen Shepherd's Tunic",1,"Amateur's Mortar",1,"Amateur's Culinary Knife",1,"",1,"Tin Ore",10,"",1,"",1,"Cock Feather",10,"Tinolqa Mistletoe",10,"",1,"Dusk Goby",1,"",1,"",1
7,"Maple Longbow",1,"",1,"",1,"Tree Toad Legs",3,"",1,"",1,"",1,"",1,"",1,"Bronze Sollerets",1,"",1,"",1,"Leather Himantes",1,"Leather Wristbands",1,"",1,"Bone Ring",1,"Copper Ring",1,"",1,"Hempen Work Gloves",1,"Hempen Halfrobe",1,"",1,"Viking Sword",1,"Bronze Chaser Hammer",1,"Bronze Labrys",1,"Raw Lapis Lazuli",10,"",1,"",1,"La Noscean Orange",10,"",1,"",1,"Pipira",1,"",1,"",1
8,"Maple Crook",1,"Maple Fishing Rod",1,"",1,"Chanterelle Saute",3,"Braised Pipira",3,"",1,"Whispering Maple Wand",1,"Maple Picatrix",1,"",1,"Bronze Sallet",1,"Bronze Chain Coif",1,"",1,"Leather Sandals",1,"Hard Leather Pot Helm",1,"Leather Leggings",1,"Copper Needle",1,"Bone Necklace",1,"",1,"Hempen Gaskins",1,"Hempen Acton",1,"Hempen Kecks",1,"Bronze Pickaxe",1,"Bronze Head Knife",1,"",1,"Soiled Femur",10,"",1,"",1,"Ash Log",10,"",1,"",1,"Crimson Crayfish",1,"Vongola Clam",1,"Gudgeon",1
9,"Round Shield",1,"",1,"",1,"Boiled Crayfish",3,"Mutton Stew",3,"",1,"",1,"",1,"",1,"Amateur's Alembic",1,"Bronze Mitt Gauntlets",1,"",1,"Amateur's Duckbills",1,"Amateur's Thighboots",1,"Amateur's Smithing Gloves",1,"Copper Choker",1,"Ramhorn Staff",1,"",1,"Hempen Bottoms",1,"Amateur's Slops",1,"Amateur's Kurta",1,"Cloud Axe",1,"Bronze Claw Hammer",1,"",1,"Zinc Ore",10,"",1,"",1,"Ash Branch",10,"Kukuru Bean",10,"",1,"",1,"",1,"",1
10,"Ash Macuahuitl",1,"Ramhorn Harpoon",1,"",1,"Mint Lassi",3,"Jack-o'-lantern",3,"",1,"Engraved Leather Grimoire",1,"",1,"",1,"Bronze Barbut",1,"Bronze Scutum",1,"",1,"Leather Jacket",1,"Hard Leather Wristguards",1,"",1,"Bone Armillae",1,"Ramhorn Claws",1,"Copper Scepter",1,"Amateur's Hempen Coif",1,"Amateur's Breeches",1,"Amateur's Dalmatica",1,"Bronze Mortar",1,"Bronze File",1,"Amateur's Cross-pein Hammer",1,"Obsidian",10,"",1,"",1,"Cloves",10,"",1,"",1,"Maiden Carp",1,"",1,"",1
11,"Ragstone Grinding Wheel",1,"",1,"",1,"Grilled Dodo",3,"",1,"",1,"Budding Maple Wand",1,"",1,"",1,"Amateur's Skillet",1,"",1,"",1,"Amateur's Headgear",1,"Hard Leather Shoes",1,"",1,"Copper Ear Cuffs",1,"",1,"",1,"Straw Hat",1,"Hempen Bracers",1,"Hempen Dress Gloves",1,"Amateur's Doming Hammer",1,"Bronze Awl",1,"Amateur's Head Knife",1,"Copper Sand",10,"",1,"",1,"Tree Toad",10,"Rye",10,"Sunset Wheat",10,"",1,"",1,"",1
12,"Ash Spinning Wheel",1,"Amateur's Fishing Rod",1,"",1,"Bubble Chocolate",3,"Pearl Chocolate",3,"",1,"Potion",3,"",1,"",1,"Bronze Celata",1,"Bronze Cuirass",1,"",1,"Leather Jackboots",1,"Hard Leather Sandals",1,"Hard Leather Harness",1,"Bronze Scepter",1,"Amateur's Needle",1,"",1,"Stablemaid's Hat",1,"Hempen Robe",1,"Hempen Doublet Vest of Gathering",1,"Bronze Culinary Knife",1,"Bronze Sledgehammer",1,"Amateur's Hatchet",1,"Rock Salt",10,"",1,"",1,"Lavender",10,"Grass Viper",10,"Straw",10,"",1,"",1,"",1
13,"Feathered Harpoon",1,"Ash Radical",1,"",1,"Mole Loaf",3,"Parsnip Salad",3,"",1,"Ash Picatrix",1,"",1,"",1,"Bronze Sabatons",1,"",1,"",1,"Leather Targe",1,"Hard Leather Armguards",1,"",1,"Decorated Bone Staff",1,"",1,"",1,"Cotton Turban",1,"Stablehand's Hat",1,"Striped Cotton Slops",1,"Bronze Knuckles",1,"Bronze Spatha",1,"",1,"Ragstone",10,"",1,"",1,"Carnation",10,"Coerthan Carrot",10,"La Noscean Lettuce",10,"Mudskipper",1,"",1,"",1
14,"Ash Pattens",1,"Ash Mask",1,"",1,"Rabbit Pie",3,"",1,"",1,"",1,"",1,"",1,"Bronze Gauntlets",1,"",1,"",1,"Hard Leather Subligar",1,"Hard Leather Caligae",1,"Hard Leather Lightmitts",1,"Brass Spectacles",1,"Brass Cudgel",1,"",1,"Cotton Shirt",1,"Cotton Sarouel",1,"Cotton Tights",1,"Spiked Bronze Labrys",1,"Brass Head Knife",1,"",1,"Iron Ore",10,"Iron Sand",10,"",1,"Gridanian Chestnut",10,"Cieldalaes Spinach",10,"Black Pepper",10,"",1,"",1,"",1
15,"Ash Pattens",1,"Ash Shortbow",1,"Square Ash Shield",1,"Grilled Carp",3,"Salt Cod",3,"",1,"Ether",3,"",1,"",1,"Bronze Buckler",1,"Brass Alembic",1,"Iron Skillet",1,"Fingerless Hard Leather Gloves",1,"Hard Leather Choker",1,"Hard Leather Boots",1,"Fang Earrings",1,"Brass Wristlets",1,"Brass Gorget",1,"Cotton Halfgloves",1,"Cotton Scarf",1,"Cotton Shepherd's Slops",1,"Birdsbeak Hammer",1,"Bronze Raising Hammer",1,"",1,"Cinnabar",10,"",1,"",1,"Alpine Parsnip",10,"Highland Parsley",10,"Ruby Tomato",10,"Rainbow Trout",1,"River Crab",1,"",1
16,"Elm Fishing Rod",1,"",1,"",1,"Meat Miq'abob",3,"Dodo Omelette",3,"",1,"Hard Leather Grimoire",1,"Ash Wand",1,"Potion of Intelligence",3,"Decorated Bronze Mitt Gauntlets",1,"Decorated Bronze Barbut",1,"",1,"Hard Leather Ringbands",1,"",1,"",1,"Brass Wristlets of Crafting",1,"Bat Fang Needle",1,"",1,"Padded Hempen Trousers",1,"Cotton Shepherd's Tunic",1,"Cotton Tabard",1,"Plumed Bronze Pickaxe",1,"Brass Bastard Sword",1,"Brass Knuckles",1,"Raw Malachite",10,"",1,"",1,"Faerie Apple",10,"Galago Mint",10,"Paprika",10,"Ala Mhigan Fighting Fish",1,"",1,"",1
17,"Iron Spear",1,"",1,"",1,"Lentils and Chestnuts",3,"Roasted Nopales",3,"Stone Soup",3,"Potion of Dexterity",3,"",1,"",1,"Iron Hoplon",1,"",1,"",1,"Hard Leather Skullcap",1,"Hard Leather Espadrilles",1,"Hard Leather Wristbands of Gathering",1,"Toothed Ramhorn Staff",1,"Fang Necklace",1,"Brass Earrings",1,"Cotton Trousers",1,"Cotton Dalmatica",1,"Cotton Dalmatica of Gathering",1,"Iron War Axe",1,"Iron Hatchet",1,"Iron Labrys",1,"Raw Fluorite",10,"",1,"",1,"Sun Lemon",10,"Lalafellin Lentil",10,"",1,"Acorn Snail",1,"",1,"",1
18,"Elm Cane",1,"",1,"",1,"Walnut Bread",3,"Apple Tart",3,"",1,"Potion of Vitality",3,"",1,"",1,"Initiate's Skillet",1,"Initiate's Alembic",1,"",1,"Goatskin Wristguards",1,"Goatskin Mitts",1,"Goatskin Cesti",1,"Brass Circlet (Sunstone)",1,"Brass Circlet (Danburite)",1,"Brass Circlet (Fluorite)",1,"Cotton Kurta",1,"Initiate's Doublet Vest",1,"",1,"Iron Doming Hammer",1,"Iron Chaser Hammer",1,"Iron Cross-pein Hammer",1,"Raw Danburite",10,"",1,"",1,"Nopales",10,"Belladonna",10,"Popoto",10,"La Noscean Perch",1,"Navigator's Dagger",1,"",1
19,"Elm Longbow",1,"Initiate's Spinning Wheel",1,"Elm Crook",1,"Raw Oyster",3,"",1,"",1,"Potion of Strength",3,"",1,"",1,"Iron Sallet",1,"Iron Sabatons",1,"",1,"Goatskin Leggings",1,"Goatskin Pot Helm",1,"",1,"Brass Circlet (Sphene)",1,"Brass Circlet (Malachite)",1,"Brass Circlet (Lapis Lazuli)",1,"Cotton Acton",1,"Cotton Coif",1,"Cotton Coif of Gathering",1,"Initiate's Hatchet",1,"Iron Awl",1,"Initiate's Sledgehammer",1,"Alumen",10,"Sunrise Tellin",10,"",1,"Yew Log",10,"Gil Bun",10,"",1,"Moat Carp",1,"Angelfish",1,"",1
20,"Ash Mask (Lapis Lazuli)",1,"Iron Lance",1,"Initiate's Fishing Rod",1,"Chicken and Mushrooms",3,"Antelope Stew",3,"",1,"Engraved Hard Leather Grimoire",1,"Potion of Mind",3,"",1,"Iron Gauntlets",1,"Iron Celata",1,"Iron Cuirass",1,"Goatskin Ring",1,"Initiate's Gloves",1,"",1,"Decorated Copper Scepter",1,"Brass Ring",1,"Brass Ring of Crafting",1,"Initiate's Slops",1,"Padded Cotton Trousers",1,"Cotton Work Gloves",1,"Brass Viking Sword",1,"Initiate's Saw",1,"Iron Pickaxe",1,"Mudstone",10,"",1,"",1,"Yew Branch",10,"White Scorpion",10,"",1,"Bluebell Salmon",1,"",1,"",1
21,"Elm Velocity Bow",1,"Yew Radical",1,"",1,"Mashed Popotoes",3,"Grape Juice",3,"Antelope Steak",3,"Budding Ash Wand",1,"Weak Poisoning Potion",3,"Weak Blinding Potion",3,"Iron Vambraces",1,"Iron Lantern Shield",1,"",1,"Padded Leather Duckbills",1,"Padded Leather Duckbills of Gathering",1,"Initiate's Thighboots",1,"Coral Ring",1,"Brass Choker",1,"Brass Ear Cuffs",1,"Cotton Dress Gloves",1,"",1,"",1,"Inferno Axe",1,"Iron Mortar",1,"Iron Scythe",1,"Earth Rock",10,"",1,"",1,"Gridanian Walnut",10,"Pixie Plums",10,"",1,"Mudcrab",1,"Tricolored Carp",1,"",1
22,"Mudstone Grinding Wheel",1,"Iron Guisarme",1,"",1,"Dried Plums",3,"Spinach Saute",3,"Mustard Eggs",3,"Yew Picatrix",1,"Echo Drops",3,"Weak Silencing Potion",3,"Iron-plated Jackboots",1,"Iron Elmo",1,"",1,"Goatskin Armguards",1,"Initiate's Headgear",1,"Goatskin Brais",1,"Brass Needle",1,"Staghorn Staff",1,"",1,"Cotton Halfrobe",1,"Cotton Gaskins",1,"Cotton Dress Shoes",1,"Iron File",1,"Iron Pliers",1,"Iron Shortsword",1,"Silver Sand",10,"",1,"",1,"Button Mushroom",10,"Noble Grapes",10,"",1,"Blowfish",1,"Jade Eel",1,"",1
23,"Elm Spinning Wheel",1,"",1,"",1,"Shepherd's Pie",3,"Dark Pretzel",3,"Salmon Meuniere",3,"",1,"",1,"",1,"Iron Frypan",1,"Iron Scale Mail",1,"Iron Alembic",1,"Goatskin Eyepatch",1,"Goatskin Leg Guards",1,"Goatskin Lightmitts",1,"Wind Brand",1,"",1,"",1,"Cotton Doublet Vest of Gathering",1,"Cotton Doublet Vest of Crafting",1,"Cotton Sugarloaf Hat",1,"Iron Sledgehammer",1,"Initiate's Awl",1,"Spiked Knuckles",1,"Ice Rock",10,"Fire Rock",10,"",1,"Ala Mhigan Mustard",10,"Matron's Mistletoe",10,"",1,"Pond Mussel",1,"Warmwater Trout",1,"",1
24,"Wrapped Elm Longbow",1,"Elm Pattens",1,"Yew Crook",1,"Chamomile Tea",3,"",1,"",1,"Goatskin Grimoire",1,"",1,"",1,"Reinforced Iron Sallet",1,"Iron Scutum",1,"",1,"Goatskin Duckbills",1,"Goatskin Breeches",1,"",1,"Initiate's Needle",1,"Horn Earrings",1,"Silver Spectacles",1,"Cotton Kecks",1,"Velveteen Chausses",1,"Velveteen Halfgloves",1,"Brass Hatchet",1,"Iron Bill",1,"Bas-relief Iron Saw",1,"Lightning Rock",10,"Wind Rock",10,"",1,"Walnut Log",10,"Pearl Ginger",10,"",1,"Glass Perch",1,"Four-eyed Fish",1,"Saber Sardine",1
25,"Yew Fishing Rod",1,"Initiate's Grinding Wheel",1,"",1,"Eel Pie",3,"",1,"",1,"Hi-Potion",3,"",1,"",1,"Heavy Iron Flanchard",1,"Heavy Iron Gauntlets",1,"Heavy Iron Armor",1,"Goatskin Espadrilles",1,"Fingerless Goatskin Gloves",1,"Fingerless Goatskin Gloves of Gathering",1,"Silver Magnifiers",1,"Toothed Staghorn Staff",1,"Ice Brand",1,"Velveteen Bandana",1,"Velveteen Sarouel",1,"Velveteen Sarouel of Gathering",1,"Initiate's Scythe",1,"Initiate's Culinary Knife",1,"Iron Spatha",1,"Water Rock",10,"",1,"",1,"Sticky Rice",10,"Millioncorn",10,"",1,"Ogre Barracuda",1,"Blue Octopus",1,"",1
26,"Viper-crested Round Shield",1,"Ash Composite Bow",1,"",1,"Ginger Cookie",3,"Pea Soup",3,"Aldgoat Steak",3,"",1,"",1,"",1,"Conical Alembic",1,"",1,"",1,"Goatskin Choker",1,"Goatskin Crakows",1,"",1,"Horn Necklace",1,"Silver Ring",1,"Silver Ring of Crafting",1,"Velveteen Turban",1,"Velveteen Shirt",1,"Altered Velveteen Bandana",1,"Iron Ornamental Hammer",1,"Iron Raising Hammer",1,"Crowsbeak Hammer",1,"Bomb Ash",10,"",1,"",1,"Jade Peas",10,"",1,"",1,"Aegis Shrimp",1,"Monkfish",1,"Sea Bo",1
27,"Silver Battle Fork",1,"",1,"",1,"Cheese Risotto",3,"Boiled Bream",3,"Fried Egg",3,"Whispering Ash Wand",1,"",1,"",1,"Iron Kite Shield",1,"Bomb Frypan",1,"",1,"Goatskin Crakows of Gathering",1,"Goatskin Ringbands",1,"Goatskin Boots",1,"Sunstone Choker",1,"Danburite Choker",1,"Sunstone Bracelet",1,"Velveteen Wedge Cap of Crafting",1,"Velveteen Tights",1,"Velveteen Cowl",1,"Initiate's File",1,"Iron Dolabra",1,"Initiate's Pliers",1,"Silex",10,"",1,"",1,"Wizard Eggplant",10,"",1,"",1,"Climbing Perch",1,"Shadow Catfish",1,"Bianaq Bream",1
28,"Elm Macuahuitl",1,"",1,"",1,"Crumpet",3,"Orobon Stew",3,"",1,"Yew Wand",1,"",1,"",1,"Steel Chainmail",1,"",1,"",1,"Toadskin Cesti",1,"",1,"",1,"Fluorite Choker",1,"Lapis Lazuli Choker",1,"Fluorite Bracelet",1,"Velveteen Coatee of Gathering",1,"Velveteen Wedge Cap of Gathering",1,"Velveteen Trousers",1,"Steel Broadsword",1,"Iron Chocobotail Saw",1,"Spiked Steel Labrys",1,"Wyvern Obsidian",10,"",1,"",1,"Midland Cabbage",10,"",1,"",1,"",1,"",1,"",1
29,"Staghorn Fishing Rod",1,"Steel Halberd",1,"Walnut Cane",1,"Cornmeal",1,"",1,"",1,"Engraved Goatskin Grimoire",1,"",1,"",1,"Steel Sallet",1,"Steel Alembic",1,"Steel Skillet",1,"Goatskin Wristbands",1,"Goatskin Targe",1,"Toadskin Brais",1,"Sphene Choker",1,"Sphene Bracelet",1,"Sphene Ring",1,"Velveteen Coatee of Crafting",1,"Velveteen Shortgloves",1,"Velveteen Beret",1,"Iron Head Knife",1,"Steel Claws",1,"Plumed Iron Hatchet",1,"Brimstone",10,"",1,"",1,"Chocobo Feather",10,"",1,"",1,"Lamprey",1,"Plaguefish",1,"",1
30,"Steel Spear",1,"Plumed Yew Crook",1,"",1,"Baked Sole",3,"",1,"",1,"Spine Drops",3,"",1,"",1,"Steel Gauntlets",1,"Steel Sabatons",1,"Steel Celata",1,"Toadskin Jerkin",1,"Toadskin Armguards",1,"Toadskin Jacket",1,"Malachite Choker",1,"Malachite Bracelet",1,"Malachite Ring",1,"Velveteen Bottoms",1,"Velveteen Work Gloves",1,"Velveteen Gown",1,"Steel Chaser Hammer",1,"Steel Pickaxe",1,"Steel Sledgehammer",1,"Siltstone",10,"",1,"",1,"Moor Leech",10,"",1,"",1,"Spotted Pleco",1,"",1,"",1
31,"Ash Cavalry Bow",1,"",1,"",1,"Cornbread",3,"Alligator Salad",3,"",1,"Hi-Potion of Mind",3,"Hi-Potion of Dexterity",3,"",1,"Steel Vambraces",1,"Bull Hoplon",1,"Steel Elmo",1,"Toadskin Workboots",1,"Toadskin Leg Guards",1,"Toadskin Culottes",1,"Silver Choker",1,"Horn Armillae",1,"Horn Ring",1,"Velveteen Dress Gloves",1,"Velveteen Gloves",1,"Velveteen Gaskins",1,"Steel Falchion",1,"Steel Awl",1,"Steel Claw Hammer",1,"Raw Garnet",10,"",1,"",1,"Oak Branch",10,"Flax",10,"",1,"",1,"",1,"",1
32,"Walnut Fishing Rod",1,"",1,"",1,"Forest Miq'abob",3,"Smoked Raptor",3,"",1,"Hi-Potion of Vitality",3,"Hi-Potion of Intelligence",3,"",1,"Steel Scale Fingers",1,"Steel Scale Greaves",1,"Steel Scale Mail",1,"Toadskin Ring",1,"Toadskin Breeches",1,"",1,"Worm Fang Needle",1,"",1,"",1,"Velveteen Sugarloaf Hat",1,"Velveteen Doublet Vest of Crafting",1,"",1,"Steel Mortar",1,"Steel Culinary Knife",1,"Steel Bardiche",1,"Raw Heliodor",10,"",1,"",1,"Aloe",10,"Midland Basil",10,"",1,"Ropefish",1,"Grip Killifish",1,"",1
33,"Walnut Spinning Wheel",1,"Walnut Pattens",1,"",1,"Blood Currant Tart",3,"Tuna Miq'abob",3,"",1,"Hi-Potion of Strength",3,"",1,"",1,"Decorated Buckler",1,"White Skillet",1,"",1,"Skull Eyepatch",1,"Fingerless Boarskin Gloves",1,"Boarskin Himantes",1,"Silver Circlet (Aquamarine)",1,"Silver Circlet (Amethyst)",1,"Silver Circlet (Garnet)",1,"Velveteen Doublet Vest of Gathering",1,"Linen Chausses",1,"Linen Halfgloves",1,"Steel Scythe",1,"Wrapped Steel Sledgehammer",1,"Steel Dolabra",1,"Raw Goshenite",10,"Raw Peridot",10,"Mythril Sand",10,"White Truffle",10,"Mandrake",10,"",1,"Bone Cleaner",1,"Root Skipper",1,"Monke Onke",1
34,"Siltstone Grinding Wheel",1,"Walnut Macuahuitl",1,"",1,"Acorn Cookie",3,"Scrambled Eggs",3,"",1,"Budding Yew Wand",1,"Book of Silver",1,"",1,"Silver Alembic",1,"Heavy Steel Gauntlets",1,"Heavy Steel Armor",1,"Boarskin Choker",1,"Fingerless Boarskin Gloves of Gathering",1,"",1,"Earth Brand",1,"Steel Goggles",1,"Crabshell Hora",1,"Linen Turban",1,"Linen Shirt",1,"Linen Sarouel",1,"Steel File",1,"Steel Doming Hammer",1,"Steel Crowsbeak Hammer",1,"Mythril Ore",10,"",1,"",1,"Wildfowl Feather",10,"Salt Leek",10,"",1,"Bonytongue",1,"Mitten Crab",1,"Haraldr Haddock",1
35,"Oak Radical",1,"Heavy Steel Lance",1,"",1,"Cawl Cennin",3,"",1,"",1,"Hi-Ether",3,"Poisoning Potion",3,"Paralyzing Potion",3,"Heavy Steel Flanchard",1,"Steel Mitt Gauntlets",1,"Steel Barbut",1,"Toadskin Duckbills",1,"Boarskin Crakows",1,"Boarskin Crakows of Gathering",1,"Toothed Goathorn Staff",1,"Wolf Earrings",1,"Fire Brand",1,"Linen Tights",1,"Linen Robe",1,"Linen Hat",1,"Steel Hatchet",1,"Steel Pliers",1,"Steel Bhuj",1,"Raw Aquamarine",10,"",1,"",1,"Tarantula",10,"Dragon Pepper",10,"Desert Saffron",10,"Sandfish",1,"",1,"",1
36,"Mythril Cavalry Bow",1,"Yarzonshell Harpoon",1,"",1,"Sauerkraut",3,"Cheese Souffle",3,"",1,"Blinding Potion",3,"Sleeping Potion",3,"Silencing Potion",3,"Steel Frypan",1,"",1,"",1,"Boarskin Ringbands",1,"Boarskin Wristbands",1,"Boarskin Wristbands of Gathering",1,"Wolf Necklace",1,"Mythril Ring",1,"Aquamarine Choker",1,"Angler's Hat",1,"Linen Cowl",1,"Linen Trousers",1,"Wrapped Steel Claw Hammer",1,"Wrapped Steel Awl",1,"",1,"Raw Tourmaline",10,"",1,"",1,"Iron Acorn",10,"Blood Currants",10,"",1,"Silverfish",1,"Clown Loach",1,"Sand Bream",1
37,"Pastoral Oak Cane",1,"Horn Fishing Rod",1,"",1,"Ratatouille",3,"",1,"",1,"Embossed Book of Silver",1,"",1,"",1,"Bladed Lantern Shield",1,"",1,"",1,"Boarskin Subligar",1,"Boarskin Pot Helm",1,"Altered Boarskin Pot Helm",1,"Aquamarine Choker",1,"Garnet Choker",1,"Peridot Choker",1,"Linen Wedge Cap of Crafting",1,"Linen Gaiters",1,"Linen Bottoms",1,"Steel Longsword",1,"",1,"",1,"Raw Spinel",10,"",1,"",1,"Mugwort",10,"",1,"",1,"Armored Pleco",1,"Desert Catfish",1,"Balloonfish",1
38,"Mythril Lance",1,"",1,"",1,"Mugwort Carp",3,"Knight's Bread",3,"",1,"Budding Oak Wand",1,"",1,"",1,"Horn Scale Fingers",1,"Mythril Celata",1,"",1,"Peisteskin Crakows",1,"Fingerless Peisteskin Gloves",1,"Boarskin Breeches",1,"Aquamarine Bracelet",1,"Goshenite Bracelet",1,"Pearl Bracelet",1,"Linen Wedge Cap of Gathering",1,"Linen Coatee of Crafting",1,"Linen Shortgloves",1,"Plumed Mythril Pickaxe",1,"Mythril Broadsword",1,"Mythril Hatchet",1,"Raw Zircon",10,"",1,"",1,"Maiden Artichoke",10,"",1,"",1,"Velodyna Carp",1,"Spotted Puffer",1,"Dustfish",1
39,"Oak Pattens",1,"",1,"",1,"Stuffed Artichoke",3,"Raptor Stew",3,"",1,"Wand of Tremors",1,"Wand of Frost",1,"Wand of Tides",1,"Mythril Gauntlets",1,"Mythril Cuirass",1,"Mythril Sabatons",1,"Boarskin Thighboots",1,"Peisteskin Harness",1,"Boarskin Ring",1,"Aquamarine Earrings",1,"Amethyst Earrings",1,"Garnet Ring",1,"Woolen Coif",1,"Woolen Turban",1,"Padded Linen Trousers",1,"Spiked Mythril Labrys",1,"Mythril Claws",1,"Mythril Head Knife",1,"Jade",10,"",1,"",1,"Nutmeg",10,"Thyme",10,"",1,"Storm Rider",1,"Trader Eel",1,"",1
40,"Oak Composite Bow",1,"Mahogany Spinning Wheel",1,"Mahogany Fishing Rod",1,"Apple Juice",3,"Pastry Fish",3,"Grilled Raincaller",3,"Smelling Salts",3,"",1,"",1,"Horn Scale Mail",1,"Mythril Elmo",1,"Mythril Alembic",1,"Boarskin Smithy's Gloves",1,"Boarskin Duckbills",1,"",1,"Heliodor Earrings",1,"Peridot Ring",1,"Red Coral Armillae",1,"Woolen Coif of Gathering",1,"Woolen Sarouel",1,"Woolen Hat",1,"Mythril Ornamental Hammer",1,"Mythril Bhuj",1,"Mythril Awl",1,"Black Alumen",10,"Grenade Ash",10,"",1,"Almonds",10,"",1,"",1,"Discus",1,"Antlion Slug",1,"",1
41,"Plumed Oak Macuahuitl",1,"",1,"",1,"Jerked Beef",3,"",1,"",1,"",1,"",1,"",1,"Mythril-plated Jackboots",1,"Mythril Barbut",1,"Mythril Vambraces",1,"Peisteskin Subligar",1,"Boarskin Culottes",1,"Boarskin Skirt",1,"Horn Staff",1,"Pearl Ring",1,"Mythril Ear Cuffs",1,"Woolen Tights",1,"Linen Smock",1,"Woolen Dress Gloves",1,"Mythril Culinary Knife",1,"Mythril Mortar",1,"",1,"Raw Turquoise",10,"",1,"",1,"Sagolii Sage",10,"",1,"",1,"Dune Manta",1,"Silver Shark",1,"",1
42,"Sprouting Rosewood Radical",1,"",1,"",1,"Salt Cod Puffs",3,"",1,"",1,"Book of Mythril",1,"",1,"",1,"Mythril-plated Caligae",1,"Mythril Mesail",1,"Mythril Chain Coif",1,"Boarskin Workboots",1,"Raptorskin Targe",1,"",1,"Mythril Circlet (Spinel)",1,"Mythril Circlet (Rubellite)",1,"Tortoiseshell Hora",1,"Linen Slops",1,"Woolen Chausses",1,"Woolen Gown",1,"Mythril Pliers",1,"Cobalt Knuckles",1,"Mythril Round Knife",1,"Electrum Sand",10,"",1,"",1,"Mirror Apple",10,"Black Scorpion",10,"",1,"Loyal Pleco",1,"Thunderbolt Sculpin",1,"",1
43,"Garnet Grinding Wheel",1,"Rosewood Fishing Rod",1,"",1,"Fish Soup",3,"",1,"",1,"Mega-Potion",3,"",1,"",1,"Mythril Mitt Gauntlets",1,"Cobalt Skillet",1,"High Mythril Flanchard",1,"Boarskin Jerkin",1,"Raptorskin Choker",1,"Boarskin Ringbands of Gales",1,"Thousand Needle",1,"Water Brand",1,"Electrum Earrings",1,"Woolen Halfgloves",1,"Woolen Trousers",1,"Felt Coif",1,"Cobalt Shamshir",1,"Cobalt Hatchet",1,"Cobalt Dolabra",1,"Electrum Ore",10,"",1,"",1,"Rolanberry",10,"",1,"",1,"Fall Jumper",1,"Knifefish",1,"Wahoo",1
44,"Cobalt Halberd",1,"Jade Crook",1,"",1,"Button Mushroom Saute",3,"Dzemael Gratin",3,"",1,"Mega-Potion of Mind",3,"",1,"",1,"Reinforced Mythril Elmo",1,"Cobalt Scutum",1,"High Mythril Armor",1,"Fingerless Raptorskin Gloves of Gathering",1,"Raptorskin Subligar",1,"Raptorskin Smithy's Gloves",1,"Electrum Ring",1,"Cobalt Preserves",1,"Black Horn Staff",1,"Woolen Smock",1,"Felt Hat",1,"Woolen Slops",1,"Cobalt Awl",1,"Cobalt Sledgehammer",1,"Cobalt Claw Hammer",1,"Raw Amber",10,"",1,"",1,"Mistletoe",10,"",1,"",1,"Oakroot",1,"Common Sculpin",1,"",1
45,"Eagle-crested Round Shield",1,"Cobalt Cavalry Bow",1,"Rosewood Spinning Wheel",1,"Stuffed Cabbage",3,"La Noscean Toast",3,"",1,"Wand of Gales",1,"Mega-Potion of Strength",3,"Mega-Potion of Intelligence",3,"Cobalt-plated Jackboots",1,"Tortoiseshell Scale Mail",1,"Tortoiseshell Scale Fingers",1,"Raptorskin Pot Helm",1,"Raptorskin Culottes",1,"Raptorskin Workboots",1,"Red Coral Necklace",1,"Electrum Circlet (Spinel)",1,"Electrum Ring of Crafting",1,"Felt Chausses",1,"Rainmaker's Hat",1,"Felt Kecks",1,"Demilune Bhuj",1,"Cobalt File",1,"Cobalt Mortar",1,"Raw Rubellite",10,"",1,"",1,"Dart Frog",10,"",1,"",1,"Southern Pike",1,"Archerfish",1,"Cloud Jellyfish",1
46,"Yew Longbow",1,"",1,"",1,"Deviled Eggs",3,"",1,"",1,"Mega-Potion of Vitality",3,"Mega-Potion of Dexterity",3,"Gold Needle",3,"Cobalt Barbut",1,"Cobalt-plated Caligae",1,"",1,"Raptorskin Thighboots",1,"Raptorskin Brais",1,"",1,"Electrum Circlet (Rubellite)",1,"Zircon Choker",1,"",1,"Felt Beret",1,"Felt Work Gloves",1,"Felt Dress Shoes",1,"Bas-relief Cobalt Saw",1,"Electrum Head Knife",1,"Electrum Lapidary Hammer",1,"Basilisk Egg",10,"",1,"",1,"Rosewood Log",10,"",1,"",1,"Goblin Perch",1,"Agelyss Carp",1,"Pike Eel",1
47,"Cobalt Trident",1,"Basilisk Grinding Wheel",1,"",1,"Mulled Tea",3,"",1,"",1,"Potent Poisoning Potion",3,"Potent Paralyzing Potion",3,"",1,"Hells' Kitchen",1,"",1,"",1,"Hunting Moccasins",1,"Raptorskin Jerkin",1,"",1,"Amber Bracelet",1,"Spinel Bracelet",1,"Amber Ring",1,"Felt Gaskins",1,"Felt Cavalier's Hat",1,"Padded Woolen Trousers",1,"Cobalt Raising Hammer",1,"",1,"",1,"Cobalt Ore",10,"",1,"",1,"Rosewood Branch",10,"",1,"",1,"Assassin Betta",1,"Skyfish",1,"Mummer Wrasse",1
48,"Mahogany Pattens",1,"Gilded Rosewood Fishing Rod",1,"",1,"Crowned Pie",1,"",1,"",1,"Potent Sleeping Potion",3,"Embossed Book of Electrum",1,"Budding Rosewood Wand",1,"Cobalt Mitt Gauntlets",1,"",1,"",1,"Raptorskin Ring",1,"Oxblood Targe",1,"",1,"Tourmaline Choker",1,"Black Pearl Bracelet",1,"Rubellite Bracelet",1,"Felt Bliaud",1,"Felt Trousers",1,"Felt Dress Gloves",1,"Egret Dolabra",1,"Horned Hatchet",1,"",1,"",1,"",1,"",1,"Thanalan Tea Leaves",10,"",1,"",1,"Garpike",1,"Blind Manta",1,"Plaice",1
49,"Crab Bow",1,"",1,"",1,"Buttons in a Blanket",3,"",1,"",1,"Potent Blinding Potion",3,"",1,"",1,"Cobalt Mesail",1,"Cobalt Sallet",1,"Cobalt Bladed Lantern Shield",1,"Raptorskin Jacket",1,"Raptorskin Boots",1,"",1,"Spinel Ring",1,"Electrum Ear Cuffs",1,"Jade Scepter",1,"Patrician's Wedge Cap",1,"Patrician's Gloves",1,"",1,"Cobalt Winglet",1,"Cobalt Claws",1,"",1,"Adamantoise Shell",10,"",1,"",1,"Lava Toad",10,"",1,"",1,"Paglth'an Discus",1,"Boxing Pleco",1,"Rift Sailor",1
50,"Hart Guisarme",1,"",1,"",1,"Eft Steak",3,"Beef Stew",3,"Bouillabaisse",3,"Tane Mahuta",1,"",1,"",1,"Cobalt Haubergeon",1,"",1,"",1,"Raptorskin Leg Guards",1,"",1,"",1,"Ivory Staff",1,"Spinel Earrings",1,"Tourmaline Earrings",1,"Patrician's Gaiters",1,"Patrician's Coatee",1,"Patrician's Bottoms",1,"Spiked Cobalt Labrys",1,"",1,"",1,"Ogre Horn",10,"Dragon Obsidian",10,"Yellow Copper Ore",10,"Cedar Branch",10,"Cedar Log",10,"",1,"Kissing Trout",1,"Sagolii Monkfish",1,"Saucerfish",1
51,"Mythrite Trident",1,"Cedar Longbow",1,"Cedar Crook",1,"Fig Bavarois",3,"",1,"",1,"Archaeoskin Grimoire",1,"Archaeoskin Codex",1,"",1,"Mythrite Gauntlets of Fending",1,"Mythrite Sallet of Maiming",1,"Mythrite Hauberk of Maiming",1,"Archaeoskin Breeches of Maiming",1,"Archaeoskin Boots of Scouting",1,"Archaeoskin Gloves of Crafting",1,"Yeti Staff",1,"Mythrite Bangle of Aiming",1,"Mythrite Goggles of Crafting",1,"Rainbow Culottes of Striking",1,"Rainbow Coif of Scouting",1,"Rainbow Robe of Casting",1,"Mythrite War Axe",1,"Mythrite Claymore",1,"Mythrite-barreled Arquebus",1,"Mythrite Sand",10,"Raw Agate",10,"Pyrite",10,"Rainbow Cotton Boll",10,"",1,"",1,"Cloud Coral",1,"Ice Faerie",1,"Skyworm",1
52,"Mythrite Pugil Stick",1,"Holy Cedar Composite Bow",1,"Cedar Fishing Rod",1,"Baked Onion Soup",3,"Stuffed Cabbage Rolls",3,"",1,"Wyvernskin Grimoire",1,"Wyvernskin Codex",1,"Holy Cedar Wand",1,"Mythrite Alembic",1,"Frypan Caliente",1,"",1,"Archaeoskin Jackcoat of Gathering",1,"Archaeoskin Breeches of Crafting",1,"Wyvernskin Gloves of Casting",1,"Mythrite Bracelet of Fending",1,"Mythrite Needle",1,"Yeti Fang Earrings",1,"Holy Rainbow Sarouel of Fending",1,"Holy Rainbow Hat of Aiming",1,"Holy Rainbow Sarouel of Healing",1,"Mythrite Lump Hammer",1,"Mythrite Round Knife",1,"Mythrite Pickaxe",1,"Raw Tiger's Eye",10,"Yellow Quartz",10,"",1,"Mist Dill",10,"",1,"",1,"Fanged Clam",1,"Whilom Catfish",1,"Sorcerer Fish",1
53,"Astral Grinding Wheel",1,"Holy Cedar Spinning Wheel",1,"Holy Cedar Armillae",1,"Ishgardian Muffin",3,"Sauteed Porcini",3,"",1,"Grade 1 Strength Dissolvent",3,"Grade 1 Dexterity Dissolvent",3,"",1,"Mythrite Bladed Lantern Shield",1,"",1,"",1,"Wyvernskin Mane of Fending",1,"Wyvernskin Boots of Healing",1,"Wyvernskin Wristbands",1,"Obsidian Longpole",1,"Mythrite Necklace of Slaying",1,"Yeti Fang Ring of Healing",1,"Holy Rainbow Shirt of Maiming",1,"Holy Rainbow Shirt of Striking",1,"Holy Rainbow Work Gloves",1,"Mythrite Flametongue",1,"Mythrite Jamadhars",1,"Mythrite Stilettos",1,"Raw Larimar",10,"Chalcocite",10,"",1,"Highland Wheat",10,"",1,"",1,"Maiboi",1,"Seema Patrician",1,"Sky Faerie",1
54,"Titanium Lance",1,"Dark Chestnut Longbow",1,"Holy Cedar Necklace",1,"Dhalmel Gratin",3,"",1,"",1,"Grade 1 Vitality Dissolvent",3,"Grade 1 Mind Dissolvent",3,"",1,"Titanium Mask of Aiming",1,"Titanium Sallet of Maiming",1,"Hardsilver Alembic",1,"Dhalmelskin Armguards of Scouting",1,"Wyvernskin Culottes",1,"Wyvernskin Jerkin",1,"Hardsilver Staff",1,"Mormorion Ring of Fending",1,"Hardsilver Needle",1,"Ramie Halfgloves of Casting",1,"Ramie Ribbon of Fending",1,"Holy Rainbow Shoes",1,"Titanium Axe",1,"Titanium Claymore",1,"Titanium-barreled Arquebus",1,"Dravanian Spring Water",10,"Raw Mormorion",10,"Limonite",10,"Stalk of Ramie",10,"Dark Chestnut Log",10,"",1,"Ammonite",1,"Bubble Eye",1,"Kissing Fish",1
55,"Dark Chestnut Fishing Rod",1,"",1,"",1,"Hollandaise Sauce",1,"",1,"",1,"Dhalmelskin Grimoire",1,"Dhalmelskin Codex",1,"",1,"Titanium Kite Shield",1,"Titanium Mail of Fending",1,"Titanium Sabatons of Maiming",1,"Dhalmelskin Jacket of Striking",1,"Dhalmelskin Leggings of Aiming",1,"Dhalmelskin Halfgloves of Crafting",1,"Hardsilver Star Globe",1,"Hardsilver Earrings of Slaying",1,"Hardsilver Bangle of Aiming",1,"Ramie Trousers of Scouting",1,"Ramie Robe of Healing",1,"Ramie Turban of Crafting",1,"Hardsilver Saw",1,"Hardsilver Texture Hammer",1,"Titanium Hatchet",1,"Raw Star Sapphire",10,"Raw Star Ruby",10,"Green Quartz",10,"Dark Chestnut Branch",10,"Magma Beet",10,"",1,"Marble Oscar",1,"Cloud Rider",1,"Mercy Staff",1
56,"Hallowed Chestnut Composite Bow",1,"Hallowed Chestnut Mask of Healing",1,"Dark Chestnut Spinning Wheel",1,"Emerald Soup",3,"",1,"",1,"Dragonskin Grimoire",1,"Dragonskin Codex",1,"",1,"Titanium Helm of Fending",1,"Titanium Vambraces of Maiming",1,"Titanium Headgear of Scouting",1,"Dragonskin Gloves of Aiming",1,"Dragonskin Gloves of Healing",1,"Dhalmelskin Fringe Boots",1,"Opal Ring of Healing",1,"Opal Bracelet of Casting",1,"Dragon Fang Earrings",1,"Ramie Skirt",1,"Ramie Doublet of Crafting",1,"Ramie Trousers of Gathering",1,"Titanium Pliers",1,"Titanium Awl",1,"Titanium Sledgehammer",1,"Hardsilver Sand",10,"Fossilized Dragon Bone",10,"",1,"Coneflower",10,"Wind Widow",10,"",1,"Shadowhisker",1,"Gobbie Mask",1,"Blue Medusa",1
57,"Hallowed Chestnut Fishing Rod",1,"Hallowed Chestnut Ring",1,"",1,"Royal Eggs",3,"Dhalmel Fricassee",3,"",1,"Hallowed Chestnut Wand",1,"",1,"",1,"Titanium Sabatons of Fending",1,"Titanium Mail of Striking",1,"Mandragoras Frypan",1,"Dragonskin Breeches of Fending",1,"Dragonskin Breeches of Scouting",1,"Dragonskin Boots of Casting",1,"Hardsilver Planisphere",1,"Opal Choker of Fending",1,"Hardsilver Earrings of Gathering",1,"Hallowed Ramie Doublet of Aiming",1,"Hallowed Ramie Gaskins of Healing",1,"Hallowed Ramie Doublet of Casting",1,"Titanium Greatsword",1,"Titanium-barreled Snaphance",1,"Hardsilver Round Knife",1,"Raw Opal",10,"Abalathian Spring Water",10,"Light Kidney Ore",10,"Sesame Seeds",10,"Cow Bitter",10,"",1,"Orn Butterfly",1,"Cometoise",1,"Philosopher's Stone",1
58,"Adamantite Spear",1,"Birch Longbow",1,"Birch Signum",1,"Frozen Spirits",3,"Baked Pipira Pira",3,"",1,"Book of Aurum Regis",1,"Noble's Picatrix",1,"Draconian Potion of Dexterity",3,"Adamantite Gauntlets of Fending",1,"Adamantite Helm of Maiming",1,"Adamantite Sabatons of Maiming",1,"Serpentskin Armguards of Striking",1,"Serpentskin Hat of Casting",1,"Dragonskin Choker",1,"Aurum Regis Bracelet of Aiming",1,"Aurum Regis Earrings of Healing",1,"Goblin Jig",1,"Chimerical Felt Cap of Striking",1,"Chimerical Felt Gloves of Healing",1,"Chimerical Felt Klobuk of Healing",1,"Adamantite Broadsword",1,"Adamantite Bill",1,"Adamantite Knives",1,"Cloud Mica",10,"Raw Carnelian",10,"Cuprite",10,"Birch Branch",10,"Rue",10,"",1,"Letter Puffer",1,"Rudderfish",1,"Rockclimber",1
59,"Dragonscale Grinding Wheel",1,"Birch Spinning Wheel",1,"Hallowed Chestnut Necklace",1,"Liver-cheese Sandwich",3,"",1,"",1,"Draconian Potion of Vitality",3,"Draconian Potion of Intelligence",3,"Draconian Potion of Mind",3,"Adamantite Scutum",1,"Adamantite Armor of Fending",1,"Adamantite Chain Hose of Maiming",1,"Serpentskin Thighboots of Healing",1,"Serpentskin Boots of Striking",1,"Serpentskin Gloves",1,"Aurum Regis Longpole",1,"Griffin Talon Ring of Casting",1,"Citrine Choker of Slaying",1,"Chimerical Felt Cyclas of Aiming",1,"Chimerical Felt Hose of Scouting",1,"Chimerical Felt Alb of Healing",1,"Adamantite Mortar",1,"Adamantite Culinary Knife",1,"Adamantite Scythe",1,"Raw Citrine",10,"Aurum Regis Sand",10,"Tektite",10,"Coriander",10,"Dandelion",10,"Birch Sap",10,"Cobrafish",1,"Battle Galley",1,"Winged Gurnard",1
60,"Birch Composite Bow",1,"Birch Rod",1,"Birch Fishing Rod",1,"Clam Chowder",3,"Stuffed Chysahl",3,"",1,"Noble's Codex",1,"",1,"",1,"Heavy Adamantite Gauntlets of Fending",1,"Adamantite Mail of Maiming",1,"Aurum Regis Sollerets of Healing",1,"Serpentskin Brais of Scouting",1,"Serpentskin Bootlets of Casting",1,"Serpentskin Vest",1,"Bladed Steel Jig",1,"Aurum Regis Circlet of Healing",1,"Chrysolite Bracelet of Healing",1,"Chimerical Felt Tabard of Striking",1,"Chimerical Felt Hat of Casting",1,"Chimerical Felt Skirt",1,"Adamantite Knuckles",1,"Adamantite Greatsword",1,"Adamantite Dolabra",1,"Raw Chrysolite",10,"Wyrm Obsidian",10,"Eventide Jade",10,"Cloud Mushroom",10,"Gaelicatnip",10,"Periwinkle",10,"Hinterlands Perch",1,"Black Magefish",1,"Vampiric Tapestry",1
61,"High Steel Trident",1,"Beech Composite Bow",1,"Muudhorn Fishing Rod",1,"Loquat Juice",3,"Baklava",3,"",1,"Koppranickel Index",1,"Koppranickel Codex",1,"",1,"High Steel Helm of Fending",1,"High Steel Armguards of Maiming",1,"High Steel Bomb Frypan",1,"Gaganaskin Hose of Fending",1,"Gaganaskin Sandals of Scouting",1,"Gaganaskin Halfgloves",1,"Koppranickel Planisphere",1,"Triphane Choker of Fending",1,"Triphane Bracelet of Aiming",1,"Bloodhempen Chestwrap of Healing",1,"Bloodhempen Turban of Crafting",1,"Bloodhempen Trousers of Gathering",1,"High Steel Culverin",1,"High Steel Saw",1,"High Steel Cross-pein Hammer",1,"Gyr Abanian Mineral Water",10,"Stiperstone",10,"Koppranickel Sand",10,"Beech Branch",10,"Loquat",10,"Beech Log",10,"Miounnefish",1,"",1,"",1
62,"Larch Wand",1,"Stiperstone Grinding Wheel",1,"Larch Spinning Wheel",1,"Buckwheat Tea",3,"Charred Charr",3,"Kasha",3,"Gyuki Leather Grimoire",1,"Gyuki Leather Codex",1,"Potent Spiritbond Potion",3,"High Steel Scutum",1,"High Steel Barbut of Fending",1,"High Steel Barbut of Maiming",1,"Gyuki Leather Pot Helm",1,"Gyuki Leather Dress Gloves",1,"Gyuki Leather Trousers of Fending",1,"Koppranickel Bracelet of Slaying",1,"Muudhorn Ring of Fending",1,"Muudhorn Ring of Casting",1,"Ruby Cotton Bandana of Scouting",1,"Ruby Cotton Fingerless Gloves of Casting",1,"Ruby Cotton Hat of Casting",1,"High Steel Pliers",1,"High Steel Mortar",1,"High Steel Scythe",1,"Raw Kyanite",10,"Slate",10,"",1,"Buckwheat Kernels",10,"Mountain Popoto",10,"Gem Algae",10,"Ruby Coral",1,"",1,"",1
63,"Larch Earrings",1,"Larch Necklace",1,"Larch Ring",1,"Popoto Soba",3,"Grilled Turban",3,"",1,"Grade 1 Reisui of Dexterity",3,"Grade 1 Reisui of Vitality",3,"Grade 1 Reisui of Mind",3,"High Steel Mail of Fending",1,"High Steel Gauntlets of Fending",1,"High Steel Sollerets of Maiming",1,"Gyuki Leather Highboots of Scouting",1,"Gyuki Leather Jacket",1,"Gyuki Leather Choker",1,"Koppranickel Pole",1,"Koppranickel Rapier",1,"Koppranickel Earrings of Aiming",1,"Ruby Cotton Sarouel",1,"Ruby Cotton Chasuble",1,"Ruby Cotton Cap",1,"Folded High Steel Greatsword",1,"High Steel-barreled Snaphance",1,"High Steel Uchigatana",1,"Koppranickel Ore",10,"Diatomite",10,"",1,"Larch Log",10,"Holy Basil",10,"Ruby Cotton Boll",10,"Gliding Fish",1,"Brindlebass",4,"",1
64,"Doman Iron Lance",1,"Pine Composite Bow",1,"Pine Cane",1,"Crab Croquette",3,"Miso Soup with Tofu",3,"",1,"Competent Craftsman's Tea",3,"Beetle Glue",1,"",1,"Doman Iron Greaves of Fending",1,"Doman Iron Gauntlets of Maiming",1,"Doman Iron Gauntlets of Fending",1,"Tigerskin Gloves of Scouting",1,"Tigerskin Gloves of Aiming",1,"Tigerskin Armguards of Casting",1,"Star Spinel Bracelet of Slaying",1,"Star Spinel Bracelet of Aiming",1,"Star Spinel Ring of Healing",1,"Kudzu Longkilt of Maiming",1,"Kudzu Hat of Healing",1,"Kudzu Hat of Casting",1,"Doman Iron Longsword",1,"Doman Iron Raising Hammer",1,"Doman Iron Pickaxe",1,"Crescent Spring Water",10,"",1,"",1,"Pine Resin",10,"Sugar Beet",10,"Ama Nori",10,"Yanxian Koi",1,"Hermit Goby",4,"",1
65,"Pine Fishing Rod",1,"Slate Grinding Wheel",1,"Pine Spinning Wheel",1,"Shorlog",3,"Sweet and Sour Frogs' Legs",3,"Gameni",3,"Tigerskin Grimoire",1,"Tigerskin Codex",1,"Commanding Craftsman's Tea",3,"Doman Iron Kite Shield",1,"Tigerskin Coat of Fending",1,"Doman Iron Alembic",1,"Tigerskin Tricorne of Scouting",1,"Tigerskin Jackboots of Healing",1,"Tigerskin Fingerless Gloves of Gathering",1,"Durium Astrometer",1,"Durium Hairpin of Fending",1,"Star Spinel Earrings of Fending",1,"Kudzu Trousers of Striking",1,"Kudzu Culottes of Crafting",1,"Kudzu Coat of Gathering",1,"Doman Iron Daggers",1,"Doman Iron Claw Hammer",1,"Doman Iron Culinary Knife",1,"Doman Iron Ore",10,"",1,"",1,"Shiitake Mushroom",10,"Kudzu Root",10,"Cumin Seeds",10,"Sun Bass",1,"Red-eyed Lates",4,"",1
66,"Persimmon Bow",1,"Persimmon Cane",1,"Gazelle Horn Fishing Rod",1,"Tempura Platter",3,"Steppe Salad",3,"Warrior's Stew",3,"Growth Formula Theta",1,"",1,"",1,"Doman Steel Gauntlets of Maiming",1,"Doman Steel Greaves of Striking",1,"Doman Steel Gauntlets of Scouting",1,"Marid Leather Boots of Healing",1,"Marid Leather Hood of Striking",1,"Marid Leather Gloves of Casting",1,"Azurite Bracelet of Healing",1,"Azurite Ring of Aiming",1,"Gazelle Horn Needle",1,"Serge Hat of Aiming",1,"Serge Hat of Healing",1,"Serge Hat of Casting",1,"Doman Steel Battleaxe",1,"Doman Steel Round Knife",1,"Plumed Doman Steel Pickaxe",1,"Durium Sand",10,"",1,"",1,"Persimmon Leaf",10,"Daikon Radish",10,"Fennel",10,"Bowfish",1,"Tengu Fan",4,"",1
67,"Polished Slate Grinding Wheel",1,"Persimmon Spinning Wheel",1,"Persimmon Necklace",1,"Persimmon Pudding",3,"Egg Foo Young",3,"Fish Stew",3,"Marid Leather Grimoire",1,"Marid Leather Codex",1,"Cunning Craftsman's Tea",3,"Doman Steel Tabard of Fending",1,"Doman Steel Armet of Maiming",1,"Doman Steel Frypan Caliente",1,"Marid Leather Breeches of Fending",1,"Marid Leather Bolero of Gathering",1,"Marid Leather Earrings",1,"Star Spinel Choker of Casting",1,"Durium Rod",1,"Durium Foil",1,"Serge Gambison of Aiming",1,"Serge Hose of Casting",1,"Serge Turban of Gathering",1,"Doman Steel-barreled Musketoon",1,"Doman Steel File",1,"Doman Steel Mortar",1,"Doman Iron Sand",10,"",1,"",1,"Persimmon",10,"Persimmon Log",10,"Ruby Tide Kelp",10,"Dragonfish",1,"Dotharli Gudgeon",4,"",1
68,"Molybdenum Trident",1,"Zelkova Longbow",1,"Zelkova Cane",1,"Doman Tea",3,"Onigara-yaki",3,"Boiled Amberjack Head",3,"Gazelleskin Grimoire",1,"Gazelleskin Codex",1,"",1,"Molybdenum Headgear of Fending",1,"Molybdenum Headgear of Maiming",1,"",1,"Gazelleskin Open-toed Boots of Maiming",1,"Gazelleskin Open-toed Boots of Striking",1,"Gazelleskin Bracers of Healing",1,"Molybdenum Earring of Healing",1,"Palladium Bracelet of Fending",1,"Palladium Ring of Slaying",1,"Twinsilk Hood of Striking",1,"Twinsilk Turban of Scouting",1,"Twinsilk Hood of Healing",1,"Molybdenum Longsword",1,"Molybdenum Daggers",1,"Molybdenum Uchigatana",1,"Durium Ore",10,"",1,"",1,"Yanxian Parsley",10,"Nagxian Cudweed",10,"Chickweed",10,"Bull's Bite",1,"Tithe Collector",4,"",1
69,"Zelkova Earrings",1,"Zelkova Bracelets",1,"Zelkova Ring",1,"Chirashi-zushi",3,"Jerked Jhammel",3,"Miso Dengaku",3,"Infusion of Vitality",3,"Infusion of Mind",3,"",1,"Molybdenum Kite Shield",1,"Molybdenum Greaves of Fending",1,"Molybdenum Armguards of Scouting",1,"Gazelleskin Coat of Fending",1,"Gazelleskin Brais of Striking",1,"Gazelleskin Armguards of Casting",1,"Palladium Rod",1,"Palladium Tuck",1,"Imperial Jade Armillae of Casting",1,"Twinsilk Slops of Fending",1,"Twinsilk Robe of Aiming",1,"Twinsilk Slops of Aiming",1,"Molybdenum Lump Hammer",1,"Palladium Texture Hammer",1,"Molybdenum Hatchet",1,"Palladium Sand",10,"",1,"",1,"Doman Eggplant",10,"Twincoon",10,"",1,"Meditator",1,"Bashful Batfish",4,"",1
70,"Zelkova Fishing Rod",1,"Almandine Grinding Wheel",1,"Zelkova Spinning Wheel",1,"Steamed Grouper",3,"Stewed River Bream",3,"Jhammel Moussaka",3,"Infusion of Strength",3,"Infusion of Dexterity",3,"Infusion of Intelligence",3,"Molybdenum Alembic",1,"Molybdenum Frypan",1,"",1,"Gazelleskin Gloves of Crafting",1,"Gazelleskin Shoes",1,"Gazelleskin Ring",1,"Imperial Jade Earrings of Casting",1,"Imperial Jade Necklace of Aiming",1,"Imperial Jade Necklace of Healing",1,"Cropped Twinsilk Slops",1,"Serge Poncho",1,"Serge Work Gloves",1,"Molybdenum Pliers",1,"Molybdenum Mortar",1,"Molybdenum Sledgehammer",1,"Molybdenum Ore",10,"",1,"",1,"Zelkova Log",10,"",1,"",1,"Whitehorse",1,"Flamefish",4,"",1
71,"White Oak Earrings",1,"White Oak Bracelets",1,"White Oak Ring",1,"Purple Carrot Juice",3,"",1,"",1,"Growth Formula Iota",1,"",1,"",1,"Deepgold Gauntlets of Fending",1,"Deepgold Alembic",1,"Deepgold Mask of Scouting",1,"Smilodonskin Leggings of Maiming",1,"Smilodonskin Gloves of Scouting",1,"Smilodonskin Earrings",1,"Islewolf Ring of Aiming",1,"Islewolf Ring of Casting",1,"Islewolf Ring of Slaying",1,"Brightlinen Turban of Crafting",1,"Brightlinen Bottoms of Crafting",1,"Brightlinen Turban of Gathering",1,"Deepgold Raising Hammer",1,"Deepgold Claw Hammer",1,"Deepgold File",1,"Hard Mudstone",10,"Truegold Sand",10,"",1,"White Oak Branch",10,"Frantoio",10,"White Oak Log",10,"Asteroidea",1,"Lakelouse",4,"",1
72,"Applewood Spear",1,"Applewood Longbow",1,"",1,"Caramels",3,"",1,"",1,"Superior Spiritbond Potion",3,"",1,"",1,"Deepgold Sollerets of Maiming",1,"Deepgold Gauntlets of Maiming",1,"Deepgold Wings of Fending",1,"Gliderskin Gloves of Striking",1,"Gliderskin Boots of Aiming",1,"Gliderskin Gloves of Scouting",1,"Diaspore Ring of Fending",1,"Diaspore Ring of Healing",1,"Diaspore Ring of Casting",1,"Iridescent Hood of Maiming",1,"Iridescent Hat of Striking",1,"Iridescent Hat of Aiming",1,"Deepgold Daggers",1,"Deepgold Sword",1,"Deepgold Uchigatana",1,"Truegold Ore",10,"",1,"",1,"Blood Tomato",10,"Miracle Apple Log",10,"Garden Beet",10,"Misty Killifish",1,"Shade Gudgeon",4,"",1
73,"Applewood Cane",1,"Applewood Staff",1,"",1,"Broad Bean Salad",3,"Grilled Platinum Bream",3,"Spaghetti al Nero",3,"Grade 1 Strength Alkahest",3,"Grade 1 Intelligence Alkahest",3,"Grade 1 Vitality Alkahest",3,"Deepgold Shield",1,"Deepgold Mail of Fending",1,"Deepgold Surcoat of Maiming",1,"Gliderskin Thighboots of Fending",1,"Gliderskin Breeches of Maiming",1,"Gliderskin Gloves of Healing",1,"Stonegold Orrery",1,"Stonegold Rapier",1,"Diaspore Bracelet of Aiming",1,"Iridescent Bottoms of Aiming",1,"Iridescent Bottoms of Healing",1,"Iridescent Bottoms of Casting",1,"Deepgold Arquebus",1,"Deepgold Bayonet",1,"Deepgold Chakrams",1,"Highland Spring Water",10,"",1,"",1,"Iridescent Cocoon",10,"Upland Wheat",10,"",1,"Hornhelm",1,"Misteye",4,"",1
74,"Bluespirit Cane",1,"White Ash Fishing Rod",1,"White Ash Spinning Wheel",1,"Baguette",3,"Pixie Apple Pie",3,"Blood Tomato Juice",3,"Bluespirit Grimoire",1,"Bluespirit Codex",1,"Enchanted Manasilver Ink",1,"Bluespirit Gauntlets of Maiming",1,"Bluespirit Headgear of Casting",1,"Bluespirit Sabatons of Maiming",1,"Atrociraptorskin Leg Guards of Scouting",1,"Atrociraptorskin Amulet of Slaying",1,"Atrociraptorskin Gloves of Gathering",1,"Bluespirit Baghnakhs",1,"Bluespirit Star Globe",1,"Bluespirit Glaives",1,"Pixie Cotton Sleeves of Striking",1,"Pixie Cotton Hat of Crafting",1,"Pixie Cotton Slops of Gathering",1,"Bluespirit Sword",1,"Bluespirit Handgonne",1,"Bluespirit Mortar",1,"Bluespirit Ore",10,"",1,"",1,"White Ash Log",10,"Pixie Floss Boll",10,"",1,"Rebel",1,"Daisy Turban",4,"",1
75,"White Ash Earring of Fending",1,"White Ash Necklace",1,"White Ash Ring",1,"Nut Bake",3,"Blood Tomato Salad",3,"Mushroom Saute",3,"Starch Glue",1,"Competent Craftsman's Syrup",3,"",1,"Bluespirit Tower Shield",1,"Bluespirit Cuirass of Fending",1,"Bluespirit Porxie Frypan",1,"Atrociraptorskin Corselet of Aiming",1,"Atrociraptorskin Amulet of Fending",1,"Atrociraptorskin Breeches of Fending",1,"Manasilver Needle",1,"Manasilver Ear Cuffs",1,"Lazurite Ring of Fending",1,"Pixie Cotton Brais of Scouting",1,"Pixie Cotton Robe of Healing",1,"Pixie Cotton Acton of Striking",1,"Bluespirit Raising Hammer",1,"Bluespirit Pickaxe",1,"Bluespirit Round Knife",1,"Manasilver Sand",10,"",1,"",1,"Gianthive Chip",10,"Creamtop Mushroom",10,"Royal Grapes",10,"Spotted Ctenopoma",1,"Petalfish",4,"",1
76,"Sandteak Fauchard",1,"Sandteak Longbow",1,"Sandteak Cane",1,"Roast Ovim",3,"Mushroom Skewer",3,"Baked Megapiranha",3,"Growth Formula Kappa",1,"Refined Natron",1,"",1,"Titanbronze Headband of Scouting",1,"",1,"",1,"Zonureskin Caligae of Striking",1,"Zonureskin Fingerless Gloves of Healing",1,"Zonureskin Fingerless Gloves of Casting",1,"Triplite Earrings of Healing",1,"Titanbronze Star Globe",1,"Titanbronze Rapier",1,"Ovim Wool Bottoms of Aiming",1,"Ovim Wool Skirt of Healing",1,"Ovim Wool Tunic of Casting",1,"Titanbronze Kilij",1,"Titanbronze Uchigatana",1,"Titanbronze Bayonet",1,"Titancopper Sand",10,"",1,"",1,"Amber Cloves",10,"Sandteak Log",10,"Sweet Alyssum",10,"Clown Tetra",1,"Dandyfish",4,"Hunter's Arrow",4
77,"Sandteak Fishing Rod",1,"Sandteak Grinding Wheel",1,"Sandteak Spinning Wheel",1,"Popotoes au Gratin",3,"Peppered Popotoes",3,"Masala Chai",3,"Zonureskin Grimoire",1,"Zonureskin Codex",1,"Cunning Craftsman's Syrup",3,"Titanbronze Alembic",1,"Titanbronze Moogle Frypan",1,"Titanbronze Tower Shield",1,"Zonureskin Coat of Fending",1,"Zonureskin Fingerless Gloves of Maiming",1,"Zonureskin Gloves of Gathering",1,"Titanbronze Headgear of Maiming",1,"Triplite Choker of Casting",1,"Titanbronze Needle",1,"Ovim Wool Turban of Crafting",1,"Ovim Wool Gaskins of Crafting",1,"Ovim Wool Bottoms of Maiming",1,"Titanbronze Sledgehammer",1,"Titanbronze File",1,"Titanbronze Creasing Knife",1,"Titancopper Ore",10,"",1,"",1,"Fernleaf Lavender",10,"",1,"",1,"Silver Kitten",1,"Flowering Kelpie",4,"Ghoulfish",4
78,"Dwarven Lignum Lance",1,"Dwarven Lignum Bow",1,"Dwarven Lignum Pole",1,"Espresso con Panna",3,"Mist Spinach Saute",3,"Risotto al Nero",3,"Dwarven Mythril Grimoire",1,"Dwarven Mythril Codex",1,"Enchanted Dimythrite Ink",1,"Dwarven Mythril Shoes of Fending",1,"Dwarven Mythril Chainmail of Maiming",1,"Dwarven Mythril Helm of Striking",1,"Swallowskin Gloves of Maiming",1,"Swallowskin Robe of Aiming",1,"Swallowskin Shoes of Striking",1,"Dwarven Mythril Rapier",1,"Petalite Earrings of Slaying",1,"Petalite Ring of Aiming",1,"Dwarven Cotton Gaskins of Maiming",1,"Dwarven Cotton Gaskins of Healing",1,"Dwarven Cotton Petasos of Casting",1,"Dwarven Mythril Rotaries",1,"Dwarven Mythril Planisphere",1,"Dwarven Mythril Glaives",1,"Underground Spring Water",10,"",1,"",1,"Harcot",10,"Lime Basil",10,"Coffee Beans",10,"Desert Saw",1,"Jester Fish",4,"Blue Lightning",4
79,"Lignum Vitae Necklace",1,"Lignum Vitae Bracelet",1,"Lignum Vitae Ring",1,"Blood Bouillabaisse",3,"Paella",3,"Coffee Biscuit",3,"Tincture of Vitality",3,"Tincture of Mind",3,"",1,"Dwarven Mythril Shield",1,"",1,"",1,"Swallowskin Gloves of Healing",1,"Swallowskin Shoes of Casting",1,"Swallowskin Robe of Healing",1,"Petalite Choker of Fending",1,"Petalite Bracelet of Healing",1,"Petalite Bracelet of Casting",1,"Dwarven Cotton Turban of Aiming",1,"Dwarven Cotton Gaskins of Scouting",1,"Dwarven Cotton Gaskins of Aiming",1,"Dwarven Mythril Claw Hammer",1,"Dwarven Mythril Pliers",1,"Dwarven Mythril Culinary Knife",1,"Dimythrite Sand",10,"",1,"",1,"Tiger Lily",10,"Light Gerbera",10,"Dwarven Cotton Boll",10,"Deep Purple Coral",1,"Hermit Crab",4,"",1
80,"Lignum Vitae Fishing Rod",1,"Lignum Vitae Grinding Wheel",1,"Lignum Vitae Spinning Wheel",1,"Lemonade",3,"Jellied Harcot",3,"Oysters on the Half Shell",3,"Tincture of Strength",3,"Tincture of Dexterity",3,"Tincture of Intelligence",3,"Dwarven Mythril Alembic",1,"Dwarven Mythril Frypan",1,"",1,"Swallowskin Fingerless Gloves",1,"Swallowskin Shoes",1,"Swallowskin Coat",1,"Dwarven Mythril Needle",1,"Dwarven Mythril Ear Cuffs",1,"Dwarven Mythril Bracelets",1,"Dwarven Cotton Beret",1,"Dwarven Cotton Jacket",1,"Dwarven Cotton Trousers",1,"Dwarven Mythril Lapidary Hammer",1,"Dwarven Mythril Round Knife",1,"Dwarven Mythril Pickaxe",1,"Dimythrite Ore",10,"",1,"",1,"Lignum Vitae Log",10,"",1,"",1,"Hoodwinker",1,"Diamondtongue",4,"Anpa's Handmaid",4
81,"Horse Chestnut Cane",1,"Horse Chestnut Fishing Rod",1,"Horse Chestnut Kasa",1,"Zurek",3,"",1,"",1,"Gaja Grimoire",1,"Gaja Codex",1,"Enchanted High Durium Ink",1,"High Durium Shield",1,"High Durium Armguards of Aiming",1,"High Durium Alembic",1,"Gajaskin Vest of Striking",1,"Gajaskin Shoes of Scouting",1,"Gajaskin Circlet of Casting",1,"High Durium Planisphere",1,"High Durium Visor of Striking",1,"Ametrine Bracelet of Healing",1,"Darkhempen Skirt of Scouting",1,"Fingerless Darkhempen Gloves of Casting",1,"Darkhempen Dogi",1,"High Durium Sword",1,"High Durium Cross-pein Hammer",1,"High Durium Pickaxe",1,"Raw Ametrine",20,"High Durium Sand",20,"",1,"Horse Chestnut Log",20,"Dark Hemp",20,"",1,"Peacock Bass",2,"Onihige",5,"",1
82,"Palm Halberd",1,"Palm Longbow",1,"Palm Ear Cuffs of Aiming",1,"Amra Salad",3,"Amra Lassi",3,"Island Miq'abob",3,"Luncheon Toadskin Grimoire",1,"Luncheon Toadskin Codex",1,"",1,"High Durium Sollerets of Fending",1,"High Durium Gauntlets of Maiming",1,"High Durium Sollerets of Maiming",1,"Luncheon Toadskin Gloves of Striking",1,"Luncheon Toadskin Thighboots of Aiming",1,"Luncheon Toadskin Thighboots of Healing",1,"Pewter Rod",1,"Pewter Circlet of Maiming",1,"Pewter Ring of Casting",1,"Almasty Serge Headband of Striking",1,"Almasty Serge Headband of Scouting",1,"Almasty Serge Hat of Healing",1,"High Durium Bhuj",1,"High Durium Uchigatana",1,"High Durium Glaives",1,"High Durium Ore",20,"Pewter Ore",20,"",1,"Palm Syrup",20,"Thavnairian Paprika",20,"",1,"Mesonauta",2,"Cloudy Cat Shark",5,"",1
83,"Palm Bracelets of Fending",1,"Palm Bracelets of Slaying",1,"Palm Bracelets of Casting",1,"King Crab Cake",3,"Ukha",3,"Borscht",3,"Grade 5 Strength Alkahest",3,"Grade 5 Vitality Alkahest",3,"Grade 5 Mind Alkahest",3,"High Durium Kite Shield",1,"High Durium Armor of Fending",1,"High Durium Armor of Maiming",1,"Luncheon Toadskin Hose of Fending",1,"Luncheon Toadskin Jacket of Striking",1,"Luncheon Toadskin Hose of Scouting",1,"Pewter Choker of Fending",1,"Pewter Choker of Aiming",1,"Pewter Choker of Healing",1,"Almasty Serge Coat of Aiming",1,"Almasty Serge Gloves of Healing",1,"Almasty Serge Coat of Casting",1,"High Durium Cesti",1,"High Durium Musketoon",1,"High Durium War Scythe",1,"Phrygian Gold Ore",20,"",1,"",1,"Cucumber",20,"Eblan Lentils",20,"",1,"Fate's Design",2,"False Fusilier",5,"",1
84,"Red Pine Spear",1,"Red Pine Cane",1,"",1,"Wine-dark Soup",3,"Glory Be Soup",3,"",1,"Saigaskin Grimoire",1,"Saigaskin Codex",1,"",1,"Bismuth Bracelet of Healing",1,"Bismuth Bracelet of Casting",1,"Bismuth Ring of Aiming",1,"Saigaskin Armguards of Fending",1,"Saigaskin Gloves of Aiming",1,"Saigaskin Shoes of Healing",1,"Phrygian Hanger",1,"Phrygian Wings",1,"Phrygian Choker of Healing",1,"Snow Linen Cap of Scouting",1,"Snow Linen Cap of Healing",1,"Snow Linen Sarouel of Casting",1,"Bismuth Bow",1,"Bismuth Greatsword",1,"Bismuth Gunblade",1,"Eblan Alumen",20,"",1,"",1,"Snow Flax",20,"Beet",20,"",1,"Flowerhorn",2,"Crown Fish",5,"Smooth Lumpfish",5
85,"Red Pine Fishing Rod",1,"Red Pine Grinding Wheel",1,"Red Pine Spinning Wheel",1,"Happiness Juice",3,"Carrot Nibbles",3,"",1,"Competent Craftsman's Draught",3,"Moon Gel",1,"Sungold Firesand",1,"Bismuth Goggles of Fending",1,"Bismuth Headgear of Maiming",1,"Bismuth Fat Cat Frypan",1,"Saigaskin Coat of Maiming",1,"Saigaskin Gloves of Crafting",1,"Saigaskin Sandals of Gathering",1,"Phrygian Ear Cuffs of Fending",1,"Phrygian Ear Cuffs of Aiming",1,"Phrygian Needle",1,"Snow Linen Bottoms of Crafting",1,"Snow Linen Turban of Gathering",1,"Snow Linen Coat of Gathering",1,"Bismuth Saw",1,"Bismuth Lapidary Hammer",1,"Bismuth Culinary Knife",1,"Bismuth Ore",20,"",1,"",1,"Carrot of Happiness",20,"",1,"",1,"Imperial Pleco",2,"Blue Shark",5,"Keeled Fugu",5
86,"Ironwood Staff",1,"Ironwood Choker of Aiming",1,"Ironwood Earrings of Crafting",1,"Hamsa Curry",3,"Karniyarik",3,"Spicy Shakshouka",3,"Kumbhiraskin Grimoire",1,"Kumbhiraskin Codex",1,"",1,"Manganese Helm of the Behemoth King",1,"Manganese Gauntlets of the Behemoth Queen",1,"Manganese Gaiters of the Falling Dragon",1,"Kumbhiraskin Jacket of the Rising Dragon",1,"Kumbhiraskin Gloves of the White Griffin",1,"Kumbhiraskin Necklace of Gathering",1,"Manganese Orrery",1,"Blue Zircon Bracelet of Fending",1,"Blue Zircon Ring of Aiming",1,"Scarlet Moko Robe of the Last Unicorn",1,"Scarlet Moko Gaskins of the Falling Dragon",1,"Scarlet Moko Hood of the Black Griffin",1,"Manganese Sword",1,"Manganese Axe",1,"Manganese Arquebus",1,"Manganese Ore",20,"Raw Blue Zircon",20,"",1,"Ironwood Log",20,"Scarlet Moko Grass",20,"",1,"Lunar Cichlid",2,"Meyhane Reveler",5,"Pale Panther",5
87,"Ironwood Fishing Rod",1,"Ironwood Grinding Wheel",1,"Ironwood Spinning Wheel",1,"Giant Haddock Dip",3,"Yakow Moussaka",3,"",1,"Commanding Craftsman's Draught",3,"Enchanted Manganese Ink",1,"",1,"Manganese Armor of the Behemoth King",1,"Manganese Armor of the Behemoth Queen",1,"Manganese Alembic",1,"Kumbhiraskin Gloves of Crafting",1,"Kumbhiraskin Shoes of Crafting",1,"Kumbhiraskin Gloves of Gathering",1,"Manganese Horn of the Last Unicorn",1,"Blue Zircon Earrings of Slaying",1,"Blue Zircon Earrings of Casting",1,"Scarlet Moko Wedge Cap of Crafting",1,"Scarlet Moko Bottoms of Crafting",1,"Scarlet Moko Vest of Gathering",1,"Manganese Raising Hammer",1,"Manganese Round Knife",1,"Manganese Sledgehammer",1,"Annite",20,"",1,"",1,"Sykon",20,"Giant Popoto",20,"",1,"Antheia",2,"Spicy Pickle",5,"Red-spotted Blenny",5
88,"Integral Magitek Spear",1,"Integral Magitek Bow",1,"Integral Magitek Cane",1,"Philosopher's Sandwich",3,"Coconut Cod Chowder",3,"Giant Popoto Pancakes",3,"Ophiotauroskin Magitek Index",1,"Ophiotauroskin Magitek Codex",1,"",1,"Chondrite Gloves of Maiming",1,"Chondrite Gloves of Aiming",1,"Chondrite Gloves of Healing",1,"Ophiotauroskin Boots of Maiming",1,"Ophiotauroskin Boots of Striking",1,"Ophiotauroskin Boots of Aiming",1,"Chondrite Magitek Tuck",1,"Chondrite Magitek Wings",1,"Star Quartz Ring of Fending",1,"AR-Caean Velvet Hat of Scouting",1,"AR-Caean Velvet Cap of Healing",1,"AR-Caean Velvet Hat of Casting",1,"Chondrite Magitek Baghnakhs",1,"Chondrite Magitek Samurai Blade",1,"Chondrite Magitek War Scythe",1,"Ambrosial Water",20,"",1,"",1,"Elder Nutmeg Seeds",20,"Sideritis Leaves",20,"",1,"Vacuum Shrimp",2,"Blue Marlin",5,"Bluefin Trevally",5
89,"Integral Earrings of Crafting",1,"Integral Bracelet of Crafting",1,"Integral Ring of Crafting",1,"Tsai tou Vounou",3,"Sideritis Cookie",3,"",1,"Grade 5 Tincture of Vitality",3,"Grade 5 Tincture of Mind",3,"Cunning Craftsman's Draught",3,"Chondrite Magitek Shield",1,"Chondrite Top of Fending",1,"Chondrite Sollerets of Scouting",1,"Ophiotauroskin Top of Scouting",1,"Ophiotauroskin Top of Casting",1,"Ophiotauroskin Earrings of Gathering",1,"Star Quartz Choker of Slaying",1,"Star Quartz Choker of Healing",1,"Star Quartz Wristband of Casting",1,"AR-Caean Velvet Bottoms of Maiming",1,"AR-Caean Velvet Top of Striking",1,"AR-Caean Velvet Bottoms of Aiming",1,"Chondrite Claw Hammer",1,"Chondrite Mortar",1,"Chondrite Sledgehammer",1,"Chondrite",20,"",1,"",1,"AR-Caean Cotton Boll",20,"",1,"",1,"Class Twenty-four",2,"Floral Snakehead",5,"Mini Yasha",5
90,"Integral Fishing Rod",1,"Integral Grinding Wheel",1,"Integral Spinning Wheel",1,"Baked Alien Soup",3,"Sykon Salad",3,"Sykon Bavarois",3,"Grade 5 Tincture of Strength",3,"Grade 5 Tincture of Dexterity",3,"Grade 5 Tincture of Intelligence",3,"Chondrite Alembic",1,"Chondrite Bomb Frypan",1,"",1,"Ophiotauroskin Halfgloves of Crafting",1,"Ophiotauroskin Halfgloves of Gathering",1,"Ophiotauroskin Boots of Gathering",1,"Chondrite Needle",1,"",1,"",1,"AR-Caean Velvet Work Cap of Crafting",1,"AR-Caean Velvet Work Shirt of Crafting",1,"AR-Caean Velvet Culottes of Gathering",1,"Chondrite Cross-pein Hammer",1,"Chondrite Raising Hammer",1,"Chondrite Hatchet",1,"Raw Star Quartz",20,"",1,"",1,"Integral Log",20,"Alien Onion",20,"",1,"E.B.E.-9318",2,"Dusky Shark",5,"Uzumaki",5
91,"Ginseng Earring of Slaying",1,"Ginseng Fishing Rod",1,"Ginseng Ring",1,"Boiled Alpaca Steak",3,"Omelette Rice",3,"Shrimp Cocktail",3,"Growth Formula Lambda",2,"Loboskin Grimoire",1,"Loboskin Codex",1,"Mountain Chromite Tower Shield",1,"Mountain Chromite Alembic",1,"Mountain Chromite Frypan",1,"Loboskin Coat of Fending",1,"Loboskin Caligae of Maiming",1,"Loboskin Fingerless Gloves of Scouting",1,"Lar Longbow",1,"Lar Needle",1,"Lar Choker",1,"Snow Cotton Bottoms of Fending",1,"Snow Cotton Bottoms of Maiming",1,"Snow Cotton Tunic of Healing",1,"Mountain Chromite Kilij",1,"Mountain Chromite Guillotine",1,"Mountain Chromite Garden Scythe",1,"Mountain Chromite Ore",20,"",1,"",1,"Snow Cotton",20,"Eucalyptus",20,"Ut'ohmu Tomato",20,"Blue Purse",2,"Petticoat Tetra",2,"Shark Catfish",5
92,"Ceiba Longbow",1,"Ceiba Crook",1,"",1,"Mezcal-marinated Swampmonk",3,"Grilled Urqotrout",3,"",1,"Crocodileskin Index",1,"Crocodileskin Codex",1,"Ceiba Round Brush",1,"Ruthenium Kite Shield",1,"Ruthenium Vambraces of Fending",1,"Ruthenium Vambraces of Maiming",1,"Crocodileskin Armguards of Aiming",1,"Crocodileskin Fingerless Gloves of Scouting",1,"Crocodileskin Armguards of Healing",1,"Ihuykanite Circlet of Fending",1,"Ihuykanite Earring of Aiming",1,"Ihuykanite Bracelet of Fending",1,"Mountain Linen Field Dressing of Aiming",1,"Mountain Linen Hat of Healing",1,"Mountain Linen Hat of Casting",1,"Ruthenium Tonfas",1,"Ruthenium Greatsword",1,"Ruthenium-barreled Musketoon",1,"Lar Ore",20,"Mountain Rock Salt",20,"",1,"Ginseng Log",20,"Wild Ja Tiika Bananas",20,"Turali Aloe",20,"Candiru",2,"Severum",5,"Lau Lau",5
93,"Ceiba Spear",1,"Ceiba Wings",1,"",1,"Royal Toast",3,"Banana Ponzecake",3,"Maple Teriyaki",3,"Grade 1 Gemsap of Strength",6,"Grade 1 Gemsap of Vitality",6,"Grade 1 Gemsap of Mind",6,"Ruthenium Lorica of Fending",1,"Ruthenium Lorica of Maiming",1,"Ruthenium Sabatons of Maiming",1,"Crocodileskin Thighboots of Aiming",1,"Crocodileskin Breeches of Scouting",1,"Crocodileskin Thighboots of Healing",1,"Ruthenium Knives",1,"Ihuykanite Choker of Fending",1,"Ihuykanite Ring of Slaying",1,"Mountain Linen Top of Striking",1,"Mountain Linen Longkilt of Aiming",1,"Mountain Linen Longkilt of Casting",1,"Ruthenium Scimitar",1,"Ruthenium Blade",1,"Ruthenium Gunblade",1,"Raw Ihuykanite",20,"",1,"",1,"Ceiba Log",20,"Royal Maple Sap",20,"",1,"First Feastfish",2,"Charcoal Eel",5,"Tsoly Turtle",5
94,"Dark Mahogany Longbow",1,"Dark Mahogany Grinding Wheel",1,"Dark Mahogany Spinning Wheel",1,"Spaghetti al Olio e Peperoncino",3,"Sweetmuffin",3,"",1,"Tungsten Ink",2,"Br'aaxskin Grimoire",1,"Dark Mahogany Round Brush",1,"Cobalt Tungsten Kite Shield",1,"",1,"",1,"Br'aaxskin Sandals of Striking",1,"Br'aaxskin Headband of Aiming",1,"Br'aaxskin Headband of Casting",1,"Cobalt Tungsten Pendulums",1,"Pink Beryl Halfgloves of Casting",1,"Pink Beryl Earrings of Healing",1,"Sarcenet Headband of Scouting",1,"Sarcenet Work Cap of Crafting",1,"Sarcenet Trapper's Hat of Gathering",1,"Cobalt Tungsten Axe",1,"Cobalt Tungsten Handgonne",1,"Cobalt Tungsten Sawback",1,"Ruthenium Ore",20,"",1,"",1,"Mountain Flax",20,"Kozama'uka Chamomile",20,"Shaaloani Oilseeds",20,"Corn Dace",2,"Variegated Sisterscale",5,"Turali Land Crab",5
95,"Dark Mahogany Spear",1,"Dark Mahogany Necklace of Aiming",1,"Dark Mahogany Necklace of Healing",1,"Gateau Au Chocolat",3,"Turali Pineapple Ponzecake",3,"",1,"Magnesia Whetstone",2,"Competent Craftsman's Tisane",3,"Br'aaxskin Codex",1,"Cobalt Tungsten Vest of Fending",1,"Cobalt Tungsten Vest of Maiming",1,"Cobalt Tungsten Chocobo Frypan",1,"Br'aaxskin Thighboots of Fending",1,"Br'aaxskin Workboots of Crafting",1,"Br'aaxskin Halfgloves of Gathering",1,"Cobalt Tungsten Planisphere",1,"Pink Beryl Ring of Healing",1,"Pink Beryl Ring of Casting",1,"Sarcenet Kecks of Fending",1,"Sarcenet Work Shirt of Crafting",1,"Sarcenet Culottes of Gathering",1,"Cobalt Tungsten War Scythe",1,"Cobalt Tungsten Raising Hammer",1,"Cobalt Tungsten Pickaxe",1,"Cobalt Tungsten Ore",20,"",1,"",1,"Dark Mahogany Log",20,"Sweet Kukuru Bean",20,"Turali Corn",20,"Archmatron Angelfish",2,"Ihuyka Colossoma",5,"Horizon Crocodile",5
96,"Acacia Fork",1,"Acacia Earrings",1,"Acacia Ring",1,"Creamy Hot Chocolate",3,"Tart Turali Tart",3,"Tender Shortcake",3,"Commanding Craftsman's Tisane",3,"Gomphotherium Codex",1,"Acacia Round Brush",1,"Titanium Gold Shield",1,"Titanium Gold Spiked Gloves of Maiming",1,"Titanium Gold Helm of Striking",1,"Gomphotherium Boots of Casting",1,"Gomphotherium Earrings",1,"Gomphotherium Wristband",1,"White Gold Syrinxi",1,"White Gold Visor of Healing",1,"White Gold Earrings of Casting",1,"Rroneek Serge Halfgloves of Aiming",1,"Rroneek Serge Halfgloves of Healing",1,"Rroneek Serge Halfgloves of Casting",1,"Titanium Gold Claws",1,"Titanium Gold War Quoits",1,"Titanium Gold Saberfangs",1,"Raw Pink Beryl",20,"Yak T'el Spring Water",20,"",1,"White Pepper",20,"Sarcenet",20,"Turali Pineapple",20,"Zorgor Scorpion",2,"Turali Beaded Lizard",2,"Variatus",2
97,"Acacia Signum",1,"Acacia Fishing Rod",1,"Acacia Grinding Wheel",1,"Salmon Jerky",3,"Nasi Goreng",3,"",1,"Sanctified Water",6,"Cunning Craftsman's Tisane",3,"Gomphotherium Grimoire",1,"Titanium Gold Leg Wraps of Fending",1,"Titanium Gold Thornplate of Maiming",1,"Titanium Gold Thorned Corselet of Scouting",1,"Gomphotherium Trousers of Maiming",1,"Gomphotherium Thornvest of Healing",1,"Gomphotherium Fingerless Gloves of Crafting",1,"White Gold Astrometer",1,"White Gold Choker of Fending",1,"White Gold Ring of Slaying",1,"Rroneek Serge Doublet of Crafting",1,"Rroneek Serge Trousers of Crafting",1,"Rroneek Serge Hat of Gathering",1,"Titanium Gold Knives",1,"Titanium Gold Awl",1,"Titanium Gold Culinary Knife",1,"Titanium Gold Ore",20,"Magnesia Powder",20,"",1,"Acacia Log",20,"Claro Walnut Log",20,"Acacia Bark",20,"Xty'iinbek Sleeper",2,"Azure Glider",2,"Deadleaf Minnow",5
98,"Claro Walnut Spear",1,"Claro Walnut Cane",1,"",1,"Roast Rroneek",3,"Fruit and Aloe Jelly",3,"Driftwood Catfish Pie",3,"Book of Ra'Kaznar",1,"Claro Walnut Flat Brush",1,"",1,"Ra'Kaznar Shield",1,"Ra'Kaznar Gauntlets of Fending",1,"Ra'Kaznar Armguards of Striking",1,"Gargantuaskin Shoes of Healing",1,"Gargantuaskin Shoes of Casting",1,"",1,"Ra'Kaznar Wings",1,"Black Star Ear Cuff of Healing",1,"Black Star Ring of Aiming",1,"Thunderyards Silk Trousers of Aiming",1,"Thunderyards Silk Tabard of Scouting",1,"Thunderyards Silk Gloves of Healing",1,"Ra'Kaznar Tonfas",1,"Ra'Kaznar Bow",1,"Ra'Kaznar Blunderbuss",1,"Raw Black Star",20,"",1,"",1,"Levinsilk",20,"Mesquite Beans",20,"",1,"Tiger Muskellunge",2,"Mosaic Loach",2,"Frillfin Goby",5
99,"Claro Walnut Grinding Wheel",1,"Claro Walnut Spinning Wheel",1,"Claro Walnut Bracelet of Gathering",1,"Rroneek Steak",3,"Stuffed Peppers",3,"",1,"Grade 1 Gemdraught of Vitality",3,"Grade 1 Gemdraught of Mind",3,"Word of Ra'Kaznar",1,"Ra'Kaznar Armor of Maiming",1,"Ra'Kaznar Greaves of Striking",1,"Ra'Kaznar Greaves of Scouting",1,"Gargantuaskin Trousers of Fending",1,"Gargantuaskin Trousers of Maiming",1,"Gargantuaskin Jacket of Striking",1,"Ra'Kaznar Hanger",1,"Black Star Headgear of Striking",1,"Black Star Visor of Scouting",1,"Thunderyards Silk Coat of Healing",1,"Thunderyards Silk Trousers of Healing",1,"Thunderyards Silk Trousers of Casting",1,"Ra'Kaznar Gunblade",1,"Ra'Kaznar Claw Hammer",1,"Ra'Kaznar Mortar",1,"White Gold Ore",20,"",1,"",1,"Wind Parsley",20,"Bell Pepper",20,"Yyasulani Garlic",20,"Crackling Flounder",2,"Sauger",5,"Minted Arowana",5
100,"Claro Walnut Fishing Rod",1,"Claro Walnut Sandals of Crafting",1,"Claro Walnut Sandals of Gathering",1,"Mesquite Soup",3,"Creamy Alpaca Pasta",3,"Broccoli and Spinach Saute",3,"Grade 1 Gemdraught of Strength",3,"Grade 1 Gemdraught of Dexterity",3,"Grade 1 Gemdraught of Intelligence",3,"Ra'Kaznar Alembic",1,"Ra'Kaznar Spriggan Frypan",1,"Ra'Kaznar Ring of Gathering",1,"Gargantuaskin Halfgloves of Crafting",1,"Gargantuaskin Hat of Gathering",1,"Gargantuaskin Fingerless Gloves of Gathering",1,"Black Star Scarf of Crafting",1,"Black Star Bracelets of Crafting",1,"Black Star Earrings of Gathering",1,"Thunderyards Silk Cap of Crafting",1,"Thunderyards Silk Culottes of Crafting",1,"Thunderyards Silk Vest of Gathering",1,"Ra'Kaznar Saw",1,"Ra'Kaznar Lapidary Hammer",1,"Ra'Kaznar Hatchet",1,"Ra'Kaznar Ore",20,"",1,"",1,"Broccoli",20,"Windsbalm Bay Leaf",20,"Pearl Grass",20,"Harlequin Lancer",2,"Canal Drum",2,"Speckled Peacock Bass",5
